,Offensive Efficiency,Effective Field Goal %,True Shooting %,Total Rebounding %,Block %,Assist/Turnover Ratio,Defensive Efficiency,Win %,Scaled Sum,Team,Year
4230,2.0,3.885057471264368,6.751479289940827,0.0,0.3854166666666666,1.6941472624292007,-0.4447674418604634,2.878651685393258,17.149984933833856,Duke,2025
4231,1.92156862745098,3.3793103448275854,5.840236686390533,0.0,0.9375,1.7457520453115167,-2.145348837209302,3.000000000000001,14.679018866771312,Auburn,2025
4232,1.8823529411764712,3.448275862068966,6.150887573964498,0.0,0.28125,2.0,-1.831395348837208,2.3393258426966295,14.270696871069358,Gonzaga,2025
4254,1.625272331154683,3.2873563218390807,5.674556213017751,0.0,0.1666666666666666,1.421019509125236,-1.0988372093023269,2.7404494382022477,13.816483270703339,UCSD,2025
4249,1.6775599128540302,2.7586206896551726,4.576923076923077,0.0,0.7083333333333333,1.1504090623033352,-0.0,2.7573033707865164,13.629149445855465,Houston,2025
4336,1.3464052287581696,3.655172413793105,5.5295857988165675,0.0,0.25,1.305223410950283,-1.2296511627906979,2.565168539325843,13.421904228853268,Liberty,2025
4247,1.681917211328976,3.1724137931034484,5.508875739644969,0.0,0.53125,1.1743234738829451,-1.177325581395349,2.3966292134831466,13.288083850048135,Maryland,2025
4258,1.6034858387799567,2.7816091954023,4.763313609467456,0.0,0.8229166666666667,1.1604782882315923,-0.654069767441859,2.6359550561797755,13.113688887285889,VCU,2025
4237,1.769063180827887,3.0344827586206904,5.011834319526626,0.0,0.5625,1.280050346129641,-1.3866279069767444,2.7573033707865164,13.028606068914616,Florida,2025
4287,1.4989106753812633,2.6436781609195403,4.659763313609467,0.0,0.7083333333333333,1.2473253618628068,-0.4970930232558123,2.6359550561797755,12.896872878030372,Tennessee,2025
4238,1.769063180827887,3.333333333333334,5.736686390532544,0.0,0.28125,1.3920704845814975,-2.0668604651162763,2.3966292134831466,12.842172137642132,Texas Tech,2025
4233,1.8649237472766889,3.6091954022988495,6.399408284023668,0.0,0.2604166666666667,1.1000629326620515,-3.0087209302325575,2.3966292134831466,12.621915316178514,Missouri,2025
4243,1.7167755991285398,3.8390804597701145,6.088757396449703,0.0,0.3125000000000001,1.2737570799244806,-2.904069767441859,2.275280898876405,12.602081666707383,BYU,2025
4272,1.5599128540305012,2.9655172413793114,5.40532544378698,0.0,0.3854166666666666,1.029578351164254,-1.4389534883720934,2.3966292134831466,12.303426282138766,Iowa St,2025
4299,1.4379084967320255,3.402298850574713,5.778106508875737,0.0,0.40625,0.8495909376966642,-2.1191860465116252,2.517977528089888,12.272946275457402,Michigan,2025
4244,1.7167755991285398,3.517241379310345,5.881656804733726,0.0,0.34375,1.4713656387665193,-3.2965116279069746,2.6359550561797755,12.270232850211931,Utah St,2025
4239,1.7603485838779953,3.333333333333334,6.3165680473372765,0.0,0.1145833333333333,1.316551290119572,-3.1133720930232553,2.517977528089888,12.245990023068142,Wisconsin,2025
4236,1.7864923747276684,3.6091954022988495,6.2544378698224845,0.0,0.4479166666666667,1.042164883574575,-3.6889534883720936,2.6359550561797755,12.087208764897925,Alabama,2025
4234,1.8518518518518512,3.5632183908045985,6.399408284023668,0.0,0.2291666666666666,0.9930774071743234,-3.6889534883720936,2.659550561797753,12.007319673946768,High Point,2025
4245,1.7037037037037033,3.310344827586208,5.902366863905325,0.0,1.0,1.427312775330396,-3.531976744186047,2.1573033707865177,11.969054797126104,UConn,2025
4250,1.6732026143790852,3.126436781609197,5.343195266272187,0.0,0.4270833333333333,1.2624292007551916,-2.5116279069767447,2.6359550561797755,11.956674345552026,Clemson,2025
4257,1.6034858387799567,3.3563218390804614,5.902366863905325,0.0,0.21875,1.356828193832599,-2.6947674418604635,2.19438202247191,11.937367316209789,Lipscomb,2025
4241,1.7429193899782138,3.264367816091955,5.571005917159761,0.0,0.3958333333333333,1.427312775330396,-2.9302325581395356,2.3966292134831466,11.86783588723727,Yale,2025
4269,1.568627450980392,3.6781609195402303,6.378698224852069,0.0,0.4270833333333333,0.921334172435494,-3.6627906976744167,2.4269662921348316,11.738079695601934,Bradley,2025
4313,1.39433551198257,3.333333333333334,5.5917159763313595,0.0,0.5,1.122718691000629,-2.6162790697674425,2.275280898876405,11.601105341756854,Creighton,2025
4277,1.5468409586056646,3.0804597701149437,5.40532544378698,0.0,0.2395833333333333,0.8130899937067336,-2.4593023255813957,2.8651685393258433,11.491165713292101,Drake,2025
4251,1.6601307189542478,3.241379310344829,5.5917159763313595,0.0,0.40625,1.1302706104468219,-3.0087209302325575,2.3966292134831466,11.417654899327847,SMU,2025
4242,1.7254901960784315,4.0,7.0,0.0,0.34375,1.3606041535556952,-5.206395348837209,2.11685393258427,11.340302933381189,St Thomas,2025
4282,1.5206971677559915,2.321839080459771,4.680473372781062,0.0,0.59375,1.2448080553807426,-1.6744186046511613,2.6359550561797755,11.32310412790618,Michigan St,2025
4261,1.5991285403050108,2.344827586206897,3.8313609467455607,0.0,0.5104166666666666,1.5078665827564506,-1.3343023255813957,2.774157303370787,11.233455300469977,Saint Mary's,2025
4240,1.7472766884531588,3.517241379310345,6.005917159763315,0.0,0.4479166666666667,1.422278162366268,-4.081395348837209,2.1573033707865177,11.216538078509062,Kentucky,2025
4418,1.189542483660131,2.206896551724139,4.411242603550294,0.0,0.3541666666666666,0.9452485840151038,-0.7063953488372079,2.6359550561797755,11.036656596958903,UC Irvine,2025
4352,1.3246187363834414,2.7816091954023,4.328402366863903,0.0,0.59375,1.3769666456891123,-1.5697674418604635,2.1573033707865177,10.992882873264811,Kansas,2025
4266,1.5729847494553377,2.6436781609195403,4.9704142011834325,0.0,0.4791666666666667,1.2473253618628068,-2.145348837209302,2.1573033707865177,10.925523673665,Arizona,2025
4248,1.681917211328976,3.5632183908045985,6.047337278106509,0.0,0.0729166666666666,1.3303964757709252,-3.9767441860465103,2.19438202247191,10.913423859103075,Purdue,2025
4330,1.3594771241830061,1.9540229885057483,3.168639053254436,0.0,0.75,1.210824417872876,-0.36627906976744234,2.774157303370787,10.850841817419411,St John's,2025
4273,1.5555555555555554,2.7586206896551726,4.639053254437869,0.0,0.3958333333333333,0.9528005034612962,-1.9622093023255789,2.4910112359550567,10.830665270072704,McNeese,2025
4315,1.389978213507625,3.0344827586206904,5.384615384615384,0.0,0.3020833333333333,1.1843926998112018,-2.6424418604651145,2.1573033707865177,10.810413900209637,Colorado St,2025
4306,1.4117647058823524,3.3563218390804614,5.715976331360945,0.0,0.2604166666666667,0.962869729389553,-2.904069767441859,1.9921348314606746,10.795414336398792,UCSB,2025
4317,1.389978213507625,2.8275862068965516,4.866863905325443,0.0,0.40625,0.9074889867841408,-2.093023255813953,2.4269662921348316,10.73211034883464,San Francisco,2025
4286,1.5032679738562091,3.4252873563218404,5.633136094674557,0.0,0.3020833333333333,1.116425424795469,-3.3488372093023235,2.076404494382023,10.707767468061109,N Iowa,2025
4265,1.5816993464052294,2.804597701149426,4.94970414201183,0.0,0.2604166666666667,1.0308370044052864,-2.4593023255813957,2.517977528089888,10.68593006314693,Louisville,2025
4278,1.5381263616557739,2.7816091954023,5.322485207100591,0.0,0.1979166666666666,1.042164883574575,-2.4593023255813957,2.241573033707865,10.664573022526376,Boise St,2025
4291,1.4858387799564268,2.7126436781609193,4.556213017751478,0.0,0.3333333333333333,1.302706104468219,-2.014534883720928,2.19438202247191,10.57058205242136,UCLA,2025
4297,1.4422657952069722,2.988505747126437,5.198224852071004,0.0,0.5208333333333334,0.7665198237885462,-2.9825581395348846,2.6359550561797755,10.569746468171184,Memphis,2025
4252,1.6383442265795205,3.1494252873563227,5.943786982248522,0.0,0.28125,1.0673379483952168,-3.6366279069767447,2.076404494382023,10.51992103198486,Oregon St,2025
4290,1.4945533769063184,3.1034482758620694,5.094674556213017,0.0,0.375,1.2057898049087474,-3.270348837209302,2.4910112359550567,10.494128412635908,Akron,2025
4393,1.2374727668845313,2.6206896551724146,4.307692307692308,0.0,0.4791666666666667,0.933920704845815,-1.5697674418604635,2.4606741573033712,10.469848816704644,C Connecticut,2025
4264,1.594771241830065,3.4252873563218404,5.985207100591714,0.0,0.2604166666666667,1.4977973568281935,-4.604651162790693,2.275280898876405,10.43410945832419,Chattanooga,2025
4263,1.594771241830065,3.310344827586208,5.488165680473374,0.0,0.28125,1.1504090623033352,-3.401162790697672,2.0022471910112363,10.426025212506547,Santa Clara,2025
4316,1.389978213507625,2.7816091954023,5.363905325443786,0.0,0.2395833333333333,1.212083071113908,-2.6424418604651145,2.035955056179776,10.380672334515612,Xavier,2025
4285,1.5032679738562091,2.482758620689655,4.1005917159763285,0.0,0.4687500000000001,1.3920704845814975,-2.014534883720928,2.3966292134831466,10.32953312486591,Marquette,2025
4339,1.3376906318082789,2.666666666666668,4.576923076923077,0.0,0.7083333333333333,1.064820641913153,-2.0668604651162763,2.035955056179776,10.323528941708009,Saint Joseph's,2025
4235,1.8169934640522871,3.954022988505747,6.958579881656802,0.0,0.0520833333333333,1.2297042164883574,-5.808139534883719,2.035955056179776,10.239199405332585,N Dakota St,2025
4255,1.6165577342047923,3.6781609195402303,6.150887573964498,0.0,0.15625,1.2712397734424168,-4.892441860465119,2.201123595505618,10.181777736192435,N Colorado,2025
4390,1.2418300653594772,2.1609195402298855,4.224852071005914,0.0,0.6250000000000001,0.6947765890497164,-1.2558139534883737,2.4606741573033712,10.152238469459991,Grand Canyon,2025
4348,1.3289760348583881,2.2988505747126453,3.9142011834319517,0.0,0.6875,0.9918187539332912,-1.5697674418604635,2.4910112359550567,10.14259034103087,New Mexico,2025
4301,1.4291938997821347,2.5057471264367823,4.721893491124259,0.0,0.25,0.6910006293266204,-1.90988372093023,2.430337078651686,10.118288504391252,N Texas,2025
4302,1.4291938997821347,3.2873563218390807,5.467455621301772,0.0,0.3958333333333333,0.975456261799874,-3.7936046511627914,2.3325842696629215,10.094275056556326,Miami OH,2025
4350,1.3246187363834414,2.7126436781609193,4.721893491124259,0.0,0.7187500000000001,1.029578351164254,-2.328488372093021,1.9146067415730337,10.093602626312887,Arkansas,2025
4441,1.1677559912854028,2.275862068965518,4.121301775147927,0.0,0.3229166666666667,0.6104468219005662,-0.9418604651162803,2.4910112359550567,10.047434094804856,George Mason,2025
4288,1.4989106753812633,3.1034482758620694,5.0325443786982245,0.0,0.4166666666666667,0.9666456891126494,-3.375,2.275280898876405,9.918496584597278,Samford,2025
4294,1.4684095860566453,3.126436781609197,5.239644970414201,0.0,0.4375,1.3127753303964758,-3.479651162790698,1.7292134831460677,9.834328988831889,Nevada,2025
4310,1.4030501089324616,2.4137931034482776,4.349112426035502,0.0,0.5729166666666667,1.5116425424795468,-2.6162790697674425,2.1573033707865177,9.79153914858153,Mississippi,2025
4253,1.6339869281045747,3.241379310344829,5.757396449704142,0.0,0.1875,1.0119572057898045,-3.9244186046511613,1.8438202247191011,9.75162151401129,Villanova,2025
4280,1.5294117647058822,3.655172413793105,6.150887573964498,0.0,0.2708333333333333,1.1944619257394584,-4.9447674418604635,1.7730337078651686,9.629033277540982,Cornell,2025
4293,1.4727668845315902,2.9655172413793114,5.426035502958581,0.0,0.4479166666666667,1.0635619886721206,-3.401162790697672,1.6112359550561801,9.585871448566778,Penn St,2025
4268,1.568627450980392,2.7126436781609193,4.928994082840235,0.0,0.5416666666666666,1.1655129011957204,-3.1656976744186043,1.7932584269662921,9.545005532391622,Texas,2025
4401,1.220043572984749,2.735632183908047,4.349112426035502,0.0,0.6041666666666666,1.0446821900566392,-2.6162790697674425,2.11685393258427,9.454211902468431,Loyola Chi,2025
4458,1.1416122004357296,2.1149425287356323,3.417159763313609,0.0,0.8020833333333333,0.7942101950912523,-1.1511627906976758,2.295505617977528,9.414350848189407,San Diego St,2025
4271,1.564270152505447,2.5057471264367823,4.556213017751478,0.0,0.4270833333333333,0.9981120201384518,-2.6686046511627914,1.9617977528089892,9.34461875181169,Illinois,2025
4292,1.477124183006536,2.8965517241379324,5.177514792899409,0.0,0.4270833333333333,0.921334172435494,-3.375,1.7292134831460677,9.253821688958773,Ohio St,2025
4283,1.5206971677559915,2.8275862068965516,5.260355029585796,0.0,0.34375,1.263687853996224,-4.081395348837209,2.11685393258427,9.251534841981623,Dayton,2025
4341,1.3376906318082789,2.5747126436781613,4.597633136094675,0.0,0.6875,0.6570169918187536,-2.5377906976744167,1.9146067415730337,9.231369447298485,Georgia,2025
4295,1.4640522875816986,3.0804597701149437,5.840236686390533,0.0,0.1979166666666666,0.7891755821271238,-4.055232558139536,1.9146067415730337,9.231215176314464,Oklahoma,2025
4259,1.6034858387799567,3.4942528735632177,5.653846153846152,0.0,0.4479166666666667,1.6941472624292007,-5.28488372093023,1.6112359550561801,9.220001029411144,Iowa,2025
4338,1.3420479302832238,3.5632183908045985,5.860946745562128,0.0,0.5833333333333334,0.7841409691629956,-4.787790697674421,1.7797752808988765,9.125671952370734,Washington St,2025
4314,1.39433551198257,2.5517241379310356,4.659763313609467,0.0,0.3958333333333333,1.088735053492763,-3.3488372093023235,2.275280898876405,9.01683503992325,Oregon,2025
4356,1.3159041394335507,2.4367816091954033,4.28698224852071,0.0,0.34375,0.8697293895531778,-2.4593023255813957,2.201123595505618,8.994968656627064,CS Northridge,2025
4275,1.5511982570806095,3.241379310344829,5.508875739644969,0.0,0.2291666666666666,1.2057898049087474,-4.683139534883724,1.9146067415730337,8.967876985335131,Purdue FW,2025
4343,1.333333333333333,2.482758620689655,3.6863905325443773,0.0,0.5416666666666666,1.1856513530522341,-2.197674418604651,1.9146067415730337,8.946732829254648,Cincinnati,2025
4279,1.5337690631808272,2.6896551724137936,5.05325443786982,0.0,0.5625,1.1478917558212713,-3.8720930232558124,1.7932584269662921,8.908235832996192,Pittsburgh,2025
4466,1.1154684095860556,2.4367816091954033,3.7071005917159727,0.0,0.3854166666666666,0.9276274386406542,-2.171511627906974,2.4606741573033712,8.86155724520115,Marist,2025
4281,1.5250544662309364,2.919540229885058,5.136094674556212,0.0,0.3854166666666666,1.1101321585903081,-4.186046511627902,1.9617977528089892,8.85198943711027,North Carolina,2025
4270,1.564270152505447,2.5747126436781613,4.701183431952664,0.0,0.3333333333333333,1.1013215859030838,-3.84593023255814,2.3966292134831466,8.825520128297697,NC Wilmington,2025
4417,1.1982570806100217,3.195402298850576,5.094674556213017,0.0,0.2291666666666666,0.8772813089993704,-3.479651162790698,1.6853932584269669,8.800524006975921,Saint Louis,2025
4276,1.5468409586056646,2.5517241379310356,4.494082840236685,0.0,0.4895833333333333,1.2045311516677155,-3.6889534883720936,2.1573033707865177,8.755112304188858,Vanderbilt,2025
4260,1.6034858387799567,3.6781609195402303,6.233727810650886,0.0,0.03125,1.1327879169288861,-5.677325581395349,1.7292134831460677,8.731300387650677,Illinois St,2025
4345,1.3289760348583881,2.275862068965518,4.142011834319526,0.0,0.5416666666666666,0.921334172435494,-2.8517441860465103,2.3393258426966295,8.697432433895711,Robert Morris,2025
4346,1.3289760348583881,2.2988505747126453,3.893491124260353,0.0,0.2395833333333333,1.2901195720578977,-2.433139534883719,2.076404494382023,8.694285598720922,S Alabama,2025
4262,1.594771241830065,3.1034482758620694,5.363905325443786,0.0,0.1458333333333333,0.830711139081183,-4.343023255813948,1.9921348314606746,8.687780891197162,S Dakota St,2025
4309,1.4030501089324616,3.4252873563218404,5.881656804733726,0.0,0.3229166666666667,0.9666456891126494,-5.520348837209302,2.201123595505618,8.68033138406366,Montana,2025
4342,1.3376906318082789,2.597701149425287,4.266272189349111,0.0,0.34375,1.2297042164883574,-3.427325581395349,2.241573033707865,8.589365639383551,Furman,2025
4303,1.4161220043572982,1.9310344827586208,3.479289940828401,0.0,0.5104166666666666,1.0320956576463183,-2.014534883720928,2.22808988764045,8.582513756176827,Arkansas St,2025
4386,1.246187363834422,2.52873563218391,4.162721893491121,0.0,0.40625,0.9955947136563874,-2.7994186046511613,1.9921348314606746,8.532205829975354,SE Missouri St,2025
4461,1.1241830065359473,2.137931034482758,3.4999999999999964,0.0,0.5520833333333334,1.0748898678414096,-1.779069767441859,1.9146067415730337,8.52462421632462,West Virginia,2025
4453,1.1503267973856204,2.597701149425287,4.307692307692308,0.0,0.3645833333333333,1.1113908118313405,-2.773255813953489,1.7426966292134836,8.501135214927885,Maine,2025
4274,1.5511982570806095,3.310344827586208,5.322485207100591,0.0,0.2708333333333333,1.3945877910635618,-5.468023255813954,2.076404494382023,8.457830654732373,Belmont,2025
4298,1.4379084967320255,3.1494252873563227,5.5295857988165675,0.0,0.28125,1.076148521082442,-4.604651162790693,1.5539325842696632,8.42359952546633,USC,2025
4402,1.220043572984749,2.068965517241381,3.624260355029585,0.0,0.7395833333333334,1.0723725613593453,-2.6686046511627914,2.295505617977528,8.35212630676313,Utah Valley,2025
4321,1.3856209150326793,2.5057471264367823,4.742603550295855,0.0,0.28125,0.7337948395217117,-3.50581395348837,2.1606741573033714,8.30387663510203,Norfolk St,2025
4377,1.2636165577342044,2.4367816091954033,4.53550295857988,0.0,0.2916666666666667,0.910006293266205,-3.0610465116279064,1.9146067415730337,8.291134315387486,Nebraska,2025
4398,1.2287581699346397,2.6436781609195403,4.763313609467456,0.0,0.4687500000000001,0.8319697923222152,-3.6104651162790677,1.8910112359550562,8.21701585231984,Louisiana Tech,2025
4455,1.1459694989106755,2.183908045977013,4.1005917159763285,0.0,0.4583333333333333,0.7048458149779734,-2.5377906976744167,2.1573033707865177,8.213161082287424,Wake Forest,2025
4374,1.2679738562091503,2.6206896551724146,4.61834319526627,0.0,0.3125000000000001,0.7438640654499684,-3.322674418604651,1.9415730337078654,8.182269387201018,Rhode Island,2025
4332,1.3594771241830061,2.8275862068965516,5.073964497041419,0.0,0.28125,1.040906230333543,-4.029069767441859,1.617977528089888,8.172091819102548,Ohio,2025
4389,1.2418300653594772,2.3678160919540225,4.307692307692308,0.0,0.6145833333333335,0.7967275015733164,-2.9563953488372086,1.7932584269662921,8.16551237804154,Florida St,2025
4284,1.507625272331154,2.4137931034482776,3.9556213017751456,0.0,0.59375,1.210824417872876,-3.6889534883720936,2.1573033707865177,8.149963977841878,Mississippi St,2025
4370,1.2810457516339868,2.5517241379310356,4.349112426035502,0.0,0.1354166666666666,1.1327879169288861,-3.6104651162790677,2.308988764044944,8.148610546961955,Charleston,2025
4378,1.2592592592592595,2.2988505747126453,3.976331360946747,0.0,0.3854166666666666,0.7199496538703586,-2.6162790697674425,2.035955056179776,8.05948350186801,St Bonaventure,2025
4373,1.276688453159041,2.39080459770115,4.411242603550294,0.0,0.5416666666666666,1.069855254877281,-3.322674418604651,1.6853932584269669,8.052976415776747,Tulane,2025
4384,1.250544662309368,2.0229885057471275,3.665680473372782,0.0,0.5625,0.6935179358086846,-2.197674418604651,2.035955056179776,8.033512214813086,Troy,2025
4267,1.5729847494553377,2.5747126436781613,4.53550295857988,0.0,0.2916666666666667,1.1000629326620515,-3.84593023255814,1.7426966292134836,7.971696347697439,Baylor,2025
4391,1.2418300653594772,2.5057471264367823,4.328402366863903,0.0,0.5625,0.7010698552548772,-2.9825581395348846,1.5539325842696632,7.910923858649817,LSU,2025
4312,1.39433551198257,2.988505747126437,4.597633136094675,0.0,0.1875,1.0899937067337948,-4.133720930232553,1.7797752808988765,7.904022452603801,FGCU,2025
4256,1.6078431372549016,2.4367816091954033,4.017751479289938,0.0,0.3020833333333333,1.2045311516677155,-3.898255813953489,2.19438202247191,7.865116919259713,N Alabama,2025
4355,1.3202614379084965,2.5057471264367823,4.28698224852071,0.0,0.3125000000000001,1.1088735053492762,-3.5843023255813957,1.9146067415730337,7.8646687342069015,Indiana,2025
4431,1.1764705882352935,2.2298850574712645,3.4999999999999964,0.0,0.5,0.92511013215859,-2.302325581395349,1.7932584269662921,7.822398623436087,Georgetown,2025
4362,1.2984749455337683,2.52873563218391,3.9142011834319517,0.0,0.4166666666666667,1.2045311516677155,-3.218023255813953,1.6752808988764047,7.819867222546463,Utah,2025
4460,1.128540305010893,2.804597701149426,4.514792899408284,0.0,0.3125000000000001,0.6834487098804278,-3.2965116279069746,1.665168539325843,7.812536526867899,Bucknell,2025
4419,1.189542483660131,2.0459770114942533,3.7071005917159727,0.0,0.3333333333333333,0.7879169288860918,-2.223837209302323,1.9146067415730337,7.754639881360493,G Washington,2025
4322,1.3812636165577343,2.850574712643679,5.218934911242606,0.0,0.21875,0.9704216488357456,-4.369186046511629,1.4325842696629216,7.703343112431057,Butler,2025
4246,1.686274509803921,2.275862068965518,4.1005917159763285,0.0,0.4895833333333333,1.4726242920075516,-4.604651162790693,2.11685393258427,7.537138689880229,UAB,2025
4307,1.4074074074074074,2.850574712643679,4.721893491124259,0.0,0.4375,1.1529263687853994,-4.656976744186043,1.617977528089888,7.5313027638645895,Florida Atlantic,2025
4540,0.9498910675381262,1.977011494252874,3.230769230769228,0.0,0.6979166666666666,0.6255506607929514,-1.831395348837208,1.7932584269662921,7.443002198148931,Little Rock,2025
4365,1.2897603485838776,2.183908045977013,3.665680473372782,0.0,0.7083333333333333,0.8911264946507236,-3.1918604651162767,1.8674157303370786,7.414363961138531,Bryant,2025
4359,1.30718954248366,1.5402298850574707,2.920118343195263,0.0,0.5416666666666666,0.6884833228445562,-1.8837209302325568,2.275280898876405,7.389247728891465,Texas A&M,2025
4354,1.3202614379084965,2.068965517241381,3.582840236686391,0.0,0.4166666666666667,1.2951541850220263,-3.0872093023255824,1.7292134831460677,7.325892224345447,Northwestern,2025
4445,1.1590413943355111,2.206896551724139,3.893491124260353,0.0,0.3645833333333333,0.6658275645059784,-2.5377906976744167,1.5539325842696632,7.305981854754561,S Carolina St,2025
4388,1.246187363834422,2.7586206896551726,4.680473372781062,0.0,0.4270833333333333,1.3392070484581495,-4.735465116279072,1.5539325842696632,7.27003927605273,Virginia,2025
4320,1.3856209150326793,2.1149425287356323,4.017751479289938,0.0,0.40625,1.0623033354310887,-3.7936046511627914,2.035955056179776,7.229218663506323,Stanford,2025
4451,1.1503267973856204,2.0229885057471275,3.789940828402367,0.0,0.6979166666666666,0.6847073631214599,-3.0348837209302335,1.9146067415730337,7.225603181966042,Youngstown St,2025
4351,1.3246187363834414,2.6206896551724146,4.556213017751478,0.0,0.3125000000000001,0.5198237885462554,-4.107558139534884,1.9921348314606746,7.218421889779379,Winthrop,2025
4331,1.3594771241830061,2.8965517241379324,5.239644970414201,0.0,0.4375,0.8684707363121458,-5.180232558139532,1.5539325842696632,7.1753445811774155,UMass Lowell,2025
4380,1.2592592592592595,2.1609195402298855,3.624260355029585,0.0,0.7395833333333334,0.9314033983637507,-3.427325581395349,1.8438202247191011,7.131920529539566,Marshall,2025
4465,1.1154684095860556,2.5057471264367823,4.390532544378699,0.0,0.5520833333333334,0.7048458149779734,-3.5843023255813957,1.4325842696629216,7.1169591727943695,Arizona St,2025
4318,1.3856209150326793,3.310344827586208,5.281065088757394,0.0,0.2708333333333333,0.8873505349276272,-5.337209302325579,1.3146067415730336,7.112612138884697,Wright St,2025
4369,1.2854030501089326,2.666666666666668,4.3698224852071,0.0,0.6354166666666667,0.9691629955947137,-4.552325581395345,1.7292134831460677,7.103359765994805,Queens,2025
4323,1.3812636165577343,2.597701149425287,4.473372781065087,0.0,0.1666666666666666,1.3719320327249842,-4.578488372093025,1.6752808988764047,7.087728773223139,Davidson,2025
4381,1.2592592592592595,2.1609195402298855,3.6449704142011834,0.0,0.2604166666666667,0.896161107614852,-3.0087209302325575,1.8674157303370786,7.080421788076368,NC Greensboro,2025
4425,1.1851851851851842,2.5517241379310356,3.789940828402367,0.0,0.6666666666666667,0.9729389553178098,-3.7936046511627914,1.6955056179775285,7.0683567403178005,Brown,2025
4326,1.3725490196078436,2.275862068965518,3.93491124260355,0.0,0.3541666666666666,0.6192573945877908,-3.558139534883719,2.035955056179776,7.034561913727426,Milwaukee,2025
4456,1.1459694989106755,2.4137931034482776,3.6863905325443773,0.0,0.5625,0.6910006293266204,-3.0872093023255824,1.6112359550561801,7.0236804169605485,Drexel,2025
4396,1.2331154684095864,2.275862068965518,3.7692307692307683,0.0,0.5104166666666666,0.7614852108244178,-3.6366279069767447,2.073033707865169,6.986515984985381,Middle Tenn,2025
4385,1.250544662309368,1.8160919540229887,3.3136094674556196,0.0,0.3958333333333333,0.740088105726872,-2.5639534883720936,1.9921348314606746,6.944348865936762,Kent St,2025
4399,1.2244008714596948,2.4367816091954033,3.789940828402367,0.0,0.3958333333333333,1.0522341095028316,-3.427325581395349,1.4325842696629216,6.904449440161202,Kansas St,2025
4327,1.3681917211328969,3.0114942528735646,5.198224852071004,0.0,0.0208333333333333,1.040906230333543,-5.441860465116276,1.6752808988764047,6.87307082350447,William & Mary,2025
4454,1.1459694989106755,2.321839080459771,3.6863905325443773,0.0,0.6250000000000001,0.7841409691629956,-3.427325581395349,1.665168539325843,6.801183039008314,Northeastern,2025
4459,1.128540305010893,2.2298850574712645,3.8727810650887577,0.0,0.21875,1.0484581497797358,-3.1918604651162767,1.4797752808988762,6.786329393133251,Dartmouth,2025
4361,1.2984749455337683,3.310344827586208,5.446745562130177,0.0,0.1666666666666666,0.933920704845815,-5.546511627906975,1.1157303370786515,6.725371415934312,UMBC,2025
4437,1.1677559912854028,1.9310344827586208,3.2721893491124256,0.0,0.6145833333333335,0.8281938325991188,-3.0610465116279064,1.8674157303370786,6.620126207798075,Cleveland St,2025
4429,1.1808278867102393,2.2988505747126453,3.5207100591715985,0.0,0.65625,0.6922592825676523,-3.427325581395349,1.6853932584269669,6.606965480193754,Portland St,2025
4410,1.2026143790849666,2.068965517241381,3.665680473372782,0.0,0.4270833333333333,0.8621774701069854,-3.3488372093023235,1.7292134831460677,6.606897446983192,UNLV,2025
4493,1.0588235294117645,2.0459770114942533,3.230769230769228,0.0,0.3020833333333333,0.804279421019509,-2.5377906976744167,1.6752808988764047,6.579422727230076,App State,2025
4353,1.3246187363834414,2.0,3.1893491124260347,0.0,0.40625,0.893643801132788,-3.0348837209302335,1.7932584269662921,6.572236355978323,E Tennessee St,2025
4308,1.4074074074074074,2.6436781609195403,4.079881656804734,0.0,0.2604166666666667,1.0308370044052864,-4.473837209302327,1.5539325842696632,6.50231627117097,Wofford,2025
4464,1.1198257080610023,1.6321839080459772,3.0443786982248513,0.0,0.6041666666666666,0.7426054122089362,-2.6686046511627914,1.9921348314606746,6.466690573505317,Quinnipiac,2025
4311,1.39433551198257,2.2988505747126453,4.142011834319526,0.0,0.3229166666666667,0.7954688483322844,-4.473837209302327,1.9617977528089892,6.441543979520354,J Madison,2025
4432,1.1764705882352935,2.1149425287356323,3.8313609467455607,0.0,0.3125000000000001,1.016991818753933,-3.453488372093021,1.4325842696629216,6.431361780040319,Campbell,2025
4521,0.9978213507625266,1.8850574712643675,3.002958579881657,0.0,0.4583333333333333,1.0446821900566392,-2.5901162790697656,1.6112359550561801,6.409972601284938,Merrimack,2025
4404,1.215686274509804,2.068965517241381,3.8727810650887577,0.0,0.1979166666666666,0.6620516047828822,-3.50581395348837,1.8674157303370786,6.379002905138201,SE Louisiana,2025
4397,1.2287581699346397,2.482758620689655,3.789940828402367,0.0,0.4270833333333333,0.8420390182504716,-3.950581395348838,1.5539325842696632,6.373931159531292,Texas A&M-CC,2025
4376,1.2636165577342044,2.9655172413793114,4.763313609467456,0.0,0.1666666666666666,0.984266834487099,-5.049418604651162,1.2640449438202248,6.3580072489038,Colgate,2025
4296,1.450980392156863,2.735632183908047,4.866863905325443,0.0,0.1770833333333333,0.9200755191944616,-5.5988372093023235,1.7932584269662921,6.3450565515821165,Omaha,2025
4502,1.0413943355119821,2.2298850574712645,3.9142011834319517,0.0,0.21875,0.6784140969162994,-3.6104651162790677,1.8674157303370786,6.339595287389509,Mt St Mary's,2025
4412,1.2026143790849666,2.2298850574712645,3.5207100591715985,0.0,0.125,1.1277533039647576,-3.9767441860465103,2.025842696629214,6.255061310275291,Princeton,2025
4474,1.0980392156862742,1.7701149425287352,2.8786982248520694,0.0,0.4687500000000001,0.8546255506607928,-2.6947674418604635,1.8674157303370786,6.242876222204487,SIU Edward,2025
4469,1.1111111111111107,2.0,3.665680473372782,0.0,0.3125000000000001,0.804279421019509,-3.427325581395349,1.7561797752808994,6.222425199388953,UTEP,2025
4508,1.0326797385620914,2.2528735632183903,4.224852071005914,0.0,0.4479166666666667,0.646947765890497,-3.5843023255813957,1.1932584269662923,6.214225906728457,Colorado,2025
4411,1.2026143790849666,2.068965517241381,3.9142011834319517,0.0,0.6458333333333334,0.6255506607929514,-3.7151162790697656,1.4325842696629216,6.17463306447774,Siena,2025
4383,1.2549019607843128,2.4137931034482776,4.266272189349111,0.0,0.2916666666666667,0.9074889867841408,-4.578488372093025,1.617977528089888,6.173612063029372,Illinois Chicago,2025
4357,1.3115468409586057,3.0804597701149437,5.40532544378698,0.0,0.1979166666666666,0.8596601636249211,-5.755813953488371,1.0719101123595505,6.171005044023296,Delaware,2025
4405,1.215686274509804,2.5747126436781613,4.162721893491121,0.0,0.3958333333333333,0.6670862177470106,-4.1598837209302335,1.3146067415730336,6.170763383402231,Providence,2025
4363,1.2941176470588234,2.0459770114942533,3.7485207100591698,0.0,0.3333333333333333,0.7035871617369414,-3.898255813953489,1.9415730337078654,6.168853083436898,Jacksonville St,2025
4448,1.1546840958605662,2.137931034482758,3.458579881656806,0.0,0.375,0.9389553178099433,-3.453488372093021,1.5539325842696632,6.1655945419867155,Georgia Tech,2025
4457,1.1459694989106755,2.344827586206897,4.059171597633135,0.0,0.3854166666666666,0.4417872876022656,-3.5843023255813957,1.3651685393258428,6.158038850764086,Tennessee St,2025
4428,1.1808278867102393,2.482758620689655,4.307692307692308,0.0,0.3541666666666666,0.9792322215229704,-4.343023255813948,1.1932584269662923,6.154912874434183,Montana St,2025
4415,1.1982570806100217,1.8850574712643675,3.479289940828401,0.0,0.4687500000000001,0.7740717432347388,-3.531976744186047,1.8674157303370786,6.140865222088562,Wichita St,2025
4475,1.0980392156862742,2.068965517241381,3.1893491124260347,0.0,0.6145833333333335,0.6708621774701068,-3.2965116279069746,1.7932584269662921,6.1385461552164475,Jacksonville,2025
4371,1.276688453159041,3.1724137931034484,5.695266272189349,0.0,0.1979166666666666,0.7161736941472624,-6.200581395348838,1.2741573033707865,6.132034787287716,Howard,2025
4360,1.302832244008715,2.0229885057471275,4.017751479289938,0.0,0.4479166666666667,0.5638766519823788,-3.9244186046511613,1.6752808988764047,6.106227841920069,Elon,2025
4329,1.363834422657952,2.2988505747126453,4.390532544378699,0.0,0.4791666666666667,0.8420390182504716,-4.84011627906977,1.4966292134831458,6.0309361610798105,Texas St,2025
4372,1.276688453159041,2.942528735632184,5.343195266272187,0.0,0.1145833333333333,0.7312775330396476,-5.572674418604651,1.1932584269662923,6.028857329798035,Indiana St,2025
4300,1.4335511982570806,2.344827586206897,4.183431952662723,0.0,0.4687500000000001,1.0106985525487726,-5.441860465116276,2.025842696629214,6.02524152118841,NC Asheville,2025
4335,1.3551198257080612,2.4137931034482776,4.597633136094675,0.0,0.15625,0.699811202013845,-4.84011627906977,1.617977528089888,6.000468516284978,Longwood,2025
4319,1.3856209150326793,2.6206896551724146,4.576923076923077,0.0,0.0416666666666666,0.7879169288860918,-4.761627906976741,1.3146067415730336,5.965796077277223,Notre Dame,2025
4450,1.1503267973856204,2.068965517241381,3.292899408284021,0.0,0.65625,1.2498426683448707,-4.107558139534884,1.5539325842696632,5.864658835990673,Minnesota,2025
4340,1.3376906318082789,2.2528735632183903,4.059171597633135,0.0,0.40625,0.9024543738200124,-4.630813953488374,1.4966292134831458,5.824255426474588,Rutgers,2025
4328,1.363834422657952,2.597701149425287,4.742603550295855,0.0,0.0833333333333333,0.8684707363121458,-5.206395348837209,1.351685393258427,5.801233236445791,Ball St,2025
4324,1.3812636165577343,2.2528735632183903,4.411242603550294,0.0,0.3333333333333333,0.5966016362492134,-4.997093023255813,1.7932584269662921,5.771480156619444,Radford,2025
4443,1.1633986928104578,2.206896551724139,3.893491124260353,0.0,0.375,0.9578351164254246,-4.186046511627902,1.3146067415730336,5.7251817151655064,S Florida,2025
4530,0.9803921568627452,1.7011494252873565,2.920118343195263,0.0,0.5,0.7375707992448078,-2.9825581395348846,1.8674157303370786,5.7240883153923665,Vermont,2025
4535,0.9716775599128534,1.4942528735632192,2.4023668639053253,0.0,0.5520833333333334,0.6217747010698552,-2.302325581395349,1.9752808988764048,5.715110649265642,Southern,2025
4488,1.0675381263616552,2.5517241379310356,4.266272189349111,0.0,0.25,0.6658275645059784,-4.552325581395345,1.4258426966292135,5.674879133381649,Binghamton,2025
4358,1.3115468409586057,2.6896551724137936,4.53550295857988,0.0,0.1145833333333333,1.276274386406545,-5.5988372093023235,1.3348314606741574,5.66355694306399,Columbia,2025
4495,1.0544662309368187,1.6091954022988515,2.630177514792899,0.0,0.6250000000000001,0.8584015103838892,-2.9302325581395356,1.813483146067416,5.660491246340339,Lamar,2025
4447,1.1590413943355111,2.2298850574712645,4.017751479289938,0.0,0.1145833333333333,0.844556324732536,-4.5261627906976765,1.7932584269662921,5.632913225431199,American,2025
4407,1.2113289760348582,2.0,3.8520710059171592,0.0,0.3125000000000001,0.6582756450597858,-3.898255813953489,1.4966292134831458,5.63254902654146,Murray St,2025
4400,1.2244008714596948,2.2988505747126453,3.8520710059171592,0.0,0.25,1.0912523599748267,-4.499999999999996,1.3651685393258428,5.581743351390173,Sacred Heart,2025
4504,1.0370370370370372,1.7931034482758628,3.2100591715976328,0.0,0.21875,0.6406544996853366,-3.0348837209302335,1.6853932584269669,5.550113694092603,W Kentucky,2025
4438,1.1677559912854028,2.4367816091954033,3.93491124260355,0.0,0.3541666666666666,0.9880427942101948,-4.499999999999996,1.1460674157303372,5.527725719691559,DePaul,2025
4406,1.215686274509804,2.52873563218391,4.142011834319526,0.0,0.28125,0.713656387665198,-4.656976744186043,1.2943820224719103,5.518745406964305,UT Arlington,2025
4382,1.2549019607843128,1.9310344827586208,3.6035502958579864,0.0,0.3229166666666667,0.6847073631214599,-3.7936046511627914,1.4325842696629216,5.436090387689177,Rice,2025
4347,1.3289760348583881,2.1609195402298855,3.893491124260353,0.0,0.1770833333333333,0.9855254877281308,-4.787790697674421,1.621348314606742,5.379553137342412,Manhattan,2025
4500,1.0501089324618738,1.9540229885057483,3.2100591715976328,0.0,0.4479166666666667,0.9389553178099433,-3.8720930232558124,1.6112359550561801,5.340206008842232,Loyola Mymt,2025
4481,1.0806100217864918,2.183908045977013,4.162721893491121,0.0,0.1770833333333333,0.4417872876022656,-4.133720930232553,1.4258426966292135,5.338232348586885,Hawai'i,2025
4512,1.0108932461873632,1.6551724137931032,3.230769230769228,0.0,0.5,0.4568911264946506,-3.1133720930232553,1.5539325842696632,5.294286508490753,Kennesaw St,2025
4482,1.0806100217864918,1.862068965517242,2.754437869822484,0.0,0.6041666666666666,0.8646947765890494,-3.1133720930232553,1.240449438202247,5.293055645560926,Duquesne,2025
4304,1.4161220043572982,2.0229885057471275,3.4999999999999964,0.0,0.3854166666666666,1.116425424795469,-4.892441860465119,1.7292134831460677,5.277724224247506,E Kentucky,2025
4375,1.2636165577342044,2.4367816091954033,3.7278106508875744,0.0,0.4479166666666667,0.7212083071113906,-4.683139534883724,1.351685393258427,5.265879649969943,Incarnate Word,2025
4501,1.045751633986928,2.0229885057471275,3.3343195266272176,0.0,0.3854166666666666,1.016991818753933,-3.7674418604651145,1.1460674157303372,5.184093707047095,Lafayette,2025
4436,1.1721132897603486,2.8965517241379324,4.928994082840235,0.0,0.0833333333333333,0.5349276274386406,-5.520348837209302,1.0719101123595505,5.1674813326607385,Cal Poly,2025
4344,1.333333333333333,2.0229885057471275,4.079881656804734,0.0,0.3645833333333333,0.5865324103209564,-4.787790697674421,1.5539325842696632,5.153461126134727,Temple,2025
4387,1.246187363834422,1.8160919540229887,3.7071005917159727,0.0,0.4687500000000001,0.8684707363121458,-4.630813953488374,1.6752808988764047,5.151067591273559,UCF,2025
4394,1.2331154684095864,2.5517241379310356,4.452662721893491,0.0,0.3541666666666666,0.6494650723725613,-5.651162790697672,1.5539325842696632,5.143903860845333,E Michigan,2025
4337,1.3420479302832238,1.7471264367816095,3.2721893491124256,0.0,0.5416666666666666,0.8949024543738198,-4.343023255813948,1.6853932584269669,5.140302839830763,E Carolina,2025
4489,1.0631808278867094,2.275862068965518,3.8313609467455607,0.0,0.2395833333333333,0.9074889867841408,-4.5261627906976765,1.3146067415730336,5.105920114590619,Stonehill,2025
4558,0.8496732026143786,1.7471264367816095,2.816568047337277,0.0,0.4791666666666667,0.8005034612964126,-2.8517441860465103,1.1932584269662923,5.0345520556161265,Hofstra,2025
4497,1.0501089324618738,2.1609195402298855,3.5207100591715985,0.0,0.1666666666666666,0.9641283826305852,-4.2906976744186,1.4325842696629216,5.004420176404931,Tenn Tech,2025
4440,1.1677559912854028,2.2988505747126453,3.8520710059171592,0.0,0.4583333333333333,0.7463813719320328,-4.892441860465119,1.3651685393258428,4.996118956041297,Washington,2025
4430,1.1764705882352935,2.3678160919540225,3.93491124260355,0.0,0.2916666666666667,0.7614852108244178,-4.735465116279072,1.1932584269662923,4.990143110971171,S Illinois,2025
4427,1.1851851851851842,1.7701149425287352,3.2100591715976328,0.0,0.25,0.673379483952171,-3.6104651162790677,1.493258426966292,4.971532093950947,Cal Baptist,2025
4413,1.2026143790849666,1.4252873563218385,2.2573964497041383,0.0,0.3645833333333333,0.804279421019509,-3.2441860465116257,2.076404494382023,4.886379387334184,Towson,2025
4473,1.0980392156862742,2.1609195402298855,3.1893491124260347,0.0,0.4270833333333333,0.6683448709880426,-4.212209302325582,1.5539325842696632,4.885459354607652,Georgia So,2025
4471,1.10239651416122,2.7126436781609193,4.162721893491121,0.0,0.2291666666666666,0.7035871617369414,-5.311046511627906,1.1932584269662923,4.792727829555255,Holy Cross,2025
4452,1.1503267973856204,2.321839080459771,3.9142011834319517,0.0,0.0833333333333333,0.6633102580239144,-4.683139534883724,1.3146067415730336,4.7644778593239,Virginia Tech,2025
4439,1.1677559912854028,1.6551724137931032,2.77514792899408,0.0,0.4270833333333333,0.7438640654499684,-3.8197674418604635,1.813483146067416,4.762739437062839,Nicholls,2025
4462,1.1241830065359473,1.586206896551724,3.2100591715976328,0.0,0.3229166666666667,0.6935179358086846,-3.270348837209302,1.0820224719101121,4.748557311861466,Seattle,2025
4379,1.2592592592592595,1.8850574712643675,3.355029585798816,0.0,0.125,0.843297671491504,-4.683139534883724,1.9146067415730337,4.699111194503256,UC Riverside,2025
4467,1.1154684095860556,1.862068965517242,3.624260355029585,0.0,0.3125000000000001,0.6633102580239144,-4.107558139534884,1.1932584269662923,4.663308275588205,South Carolina,2025
4526,0.9891067538126358,2.0,3.1065088757396433,0.0,0.2708333333333333,0.5084959093769666,-3.7151162790697656,1.4966292134831458,4.656457806675959,Boston U,2025
4470,1.106753812636165,2.321839080459771,3.541420118343194,0.0,0.1979166666666666,0.8219005663939586,-4.578488372093025,1.2168539325842698,4.628195804991,UT Rio Grande,2025
4305,1.4161220043572982,2.7586206896551726,4.2455621301775155,0.0,0.2604166666666667,1.210824417872876,-6.697674418604651,1.3786516853932582,4.572523175518137,N Florida,2025
4503,1.0370370370370372,2.3678160919540225,4.059171597633135,0.0,0.1770833333333333,0.673379483952171,-4.735465116279072,0.9910112359550561,4.570033663585683,Niagara,2025
4513,1.0108932461873632,2.206896551724139,3.7278106508875744,0.0,0.25,0.81686595342983,-4.656976744186043,1.1325842696629214,4.488073927705786,Harvard,2025
4531,0.9803921568627452,1.448275862068966,2.2573964497041383,0.0,0.3333333333333333,0.7426054122089362,-2.9563953488372086,1.6752808988764047,4.480888764217315,TCU,2025
4547,0.89760348583878,1.7471264367816095,3.06508875739645,0.0,0.4166666666666667,0.527375707992448,-3.6104651162790677,1.4325842696629216,4.475980208059808,Bethune,2025
4392,1.2374727668845313,2.344827586206897,3.810650887573962,0.0,0.3229166666666667,0.7891755821271238,-5.154069767441859,1.1157303370786515,4.466704059095973,Presbyterian,2025
4555,0.8583877995642694,1.4942528735632192,2.5473372781065082,0.0,0.4166666666666667,0.435494021397105,-2.72093023255814,1.4325842696629216,4.46379267640255,LIU,2025
4395,1.2331154684095864,1.7011494252873565,2.9822485207100558,0.0,0.4791666666666667,1.10509754562618,-4.2383720930232505,1.1932584269662923,4.455663960642887,NC State,2025
4368,1.2897603485838776,1.6551724137931032,3.127218934911242,0.0,0.5729166666666667,0.8118313404657016,-4.473837209302327,1.4123595505617978,4.3954220456800615,Idaho St,2025
4433,1.1721132897603486,2.183908045977013,3.3343195266272176,0.0,0.1354166666666666,1.1113908118313405,-5.180232558139532,1.617977528089888,4.374893310812942,Army,2025
4414,1.1982570806100217,2.597701149425287,4.3698224852071,0.0,0.3229166666666667,0.3599748269351792,-5.546511627906975,1.0719101123595505,4.374070693296829,Gardner-Webb,2025
4349,1.3246187363834414,2.6206896551724146,4.721893491124259,0.0,0.2291666666666666,0.6582756450597858,-6.331395348837209,1.1157303370786515,4.33897918264801,Idaho,2025
4366,1.2897603485838776,2.0,3.085798816568045,0.0,0.0,1.1856513530522341,-4.709302325581392,1.4865168539325841,4.338425046555349,N Arizona,2025
4476,1.0980392156862742,2.0229885057471275,3.810650887573962,0.0,0.3229166666666667,0.5601006922592824,-4.656976744186043,1.1662921348314608,4.324011358578731,Bowling Green,2025
4420,1.189542483660131,2.0,3.665680473372782,0.0,0.1979166666666666,0.7564505978602895,-4.578488372093025,1.0820224719101121,4.313124321376956,C Michigan,2025
4564,0.8235294117647056,1.4942528735632192,2.8786982248520694,0.0,0.3020833333333333,0.4845814977973566,-3.0610465116279064,1.351685393258427,4.273784222941205,Abl Christian,2025
4494,1.0588235294117645,1.6781609195402307,3.417159763313609,0.0,0.25,0.620516047828823,-4.31686046511628,1.5539325842696632,4.261732379247811,Oklahoma St,2025
4449,1.1503267973856204,2.1609195402298855,3.7692307692307683,0.0,0.2604166666666667,0.8269351793580868,-5.101744186046511,1.1932584269662923,4.2593431937908095,San Jose St,2025
4490,1.0631808278867094,1.8850574712643675,2.8786982248520694,0.0,0.34375,0.8672120830711137,-4.212209302325582,1.4325842696629216,4.2582735744116,N Kentucky,2025
4289,1.4945533769063184,2.183908045977013,4.142011834319526,0.0,0.2604166666666667,0.9389553178099433,-6.436046511627906,1.617977528089888,4.201776258141448,South Dakota,2025
4408,1.2113289760348582,2.206896551724139,3.6863905325443773,0.0,0.1770833333333333,0.7828823159219634,-5.206395348837209,1.3146067415730336,4.172793102294497,Syracuse,2025
4567,0.810457516339869,1.2183908045977017,2.671597633136093,0.0,0.4166666666666667,0.3763373190685966,-2.904069767441859,1.5539325842696632,4.143312756636731,UC Davis,2025
4532,0.9716775599128534,2.2298850574712645,3.4378698224852045,0.0,0.28125,0.539962240402769,-4.5261627906976765,1.1932584269662923,4.127740316540708,Wyoming,2025
4498,1.0501089324618738,2.3678160919540225,3.7071005917159727,0.0,0.2604166666666667,0.516047828823159,-4.552325581395345,0.7112359550561795,4.060400485282529,Missouri St,2025
4485,1.071895424836601,1.977011494252874,3.1893491124260347,0.0,0.2604166666666667,0.8760226557583384,-4.447674418604646,1.1157303370786515,4.04275127241452,Loyola MD,2025
4583,0.723311546840959,1.333333333333334,1.9674556213017746,0.0,0.4895833333333333,0.3989930774071742,-2.197674418604651,1.2943820224719103,4.009384516083834,SF Austin,2025
4516,1.0065359477124183,2.1609195402298855,3.417159763313609,0.0,0.1354166666666666,0.9326620516047825,-4.552325581395345,0.906741573033708,4.0071099611657255,Lehigh,2025
4444,1.1633986928104578,2.183908045977013,3.9142011834319517,0.0,0.2395833333333333,0.6305852737570796,-5.075581395348834,0.9471910112359552,4.003286145196957,Sam Houston,2025
4463,1.1198257080610023,2.321839080459771,4.28698224852071,0.0,0.3125000000000001,0.7174323473882942,-5.625,0.8662921348314605,3.9998715192612377,E Washington,2025
4422,1.189542483660131,1.7701149425287352,3.127218934911242,0.0,0.1041666666666666,0.8005034612964126,-4.5261627906976765,1.493258426966292,3.958642125331803,Albany,2025
4551,0.8845315904139426,1.839080459770116,3.085798816568045,0.0,0.5416666666666666,0.79295154185022,-4.264534883720931,1.0314606741573034,3.910954865705363,Evansville,2025
4561,0.8322440087145964,1.2643678160919547,2.27810650887574,0.0,0.3854166666666666,0.6154814348646944,-2.6947674418604635,1.2168539325842698,3.8977029259374585,Texas So,2025
4515,1.0108932461873632,2.5057471264367823,3.9970414201183426,0.0,0.15625,0.6343612334801761,-5.441860465116276,1.0348314606741573,3.8972640217805457,St Francis PA,2025
4486,1.071895424836601,1.8850574712643675,3.230769230769228,0.0,0.4583333333333333,0.6293266205160476,-4.787790697674421,1.3146067415730336,3.802198124618191,Boston College,2025
4325,1.3812636165577343,1.977011494252874,3.665680473372782,0.0,0.21875,1.0988042794210195,-6.3052325581395365,1.7426966292134836,3.778973934678357,Toledo,2025
4506,1.0370370370370372,1.862068965517242,3.230769230769228,0.0,0.2083333333333333,0.8810572687224668,-4.447674418604646,0.9910112359550561,3.7626026527297176,F Dickinson,2025
4468,1.1111111111111107,1.5632183908045985,2.754437869822484,0.0,0.25,0.893643801132788,-4.002906976744186,1.1460674157303372,3.715571611857132,Navy,2025
4543,0.9411764705882346,1.6551724137931032,2.7337278106508887,0.0,0.5416666666666666,0.6179987413467588,-4.107558139534884,1.2943820224719103,3.676565985982678,NW State,2025
4446,1.1590413943355111,1.448275862068966,2.5473372781065082,0.0,0.3125000000000001,0.6897419760855882,-4.055232558139536,1.493258426966292,3.5949223794233305,Hampton,2025
4510,1.015250544662309,1.17241379310345,2.050295857988163,0.0,0.1458333333333333,0.6809314033983636,-2.9563953488372086,1.4865168539325841,3.594846437580995,New Mexico St,2025
4520,1.0021786492374725,1.9540229885057483,3.2514792899408267,0.0,0.40625,0.5550660792951542,-4.709302325581392,1.1157303370786515,3.575425018476461,Hou Christian,2025
4472,1.0980392156862742,1.7471264367816095,3.3343195266272176,0.0,0.3541666666666666,0.553807426054122,-4.5261627906976765,0.906741573033708,3.468038054151921,Kansas City,2025
4549,0.8888888888888884,1.2643678160919547,1.926035502958578,0.0,0.3020833333333333,0.6343612334801761,-2.9302325581395356,1.3786516853932582,3.4641559020066532,Iona,2025
4511,1.015250544662309,1.724137931034484,3.4999999999999964,0.0,0.125,0.9616110761485211,-5.206395348837209,1.3146067415730336,3.4342109445811357,Mercyhurst,2025
4367,1.2897603485838776,1.586206896551724,3.2514792899408267,0.0,0.3958333333333333,0.5638766519823788,-4.970930232558136,1.3146067415730336,3.4308330294070375,California,2025
4483,1.0806100217864918,1.7931034482758628,3.1893491124260347,0.0,0.3229166666666667,0.6771554436752674,-4.761627906976741,1.1157303370786515,3.4172371229322343,Fordham,2025
4528,0.9891067538126358,1.7701149425287352,2.857988165680471,0.0,0.2083333333333333,0.844556324732536,-4.31686046511628,1.0348314606741573,3.388070515645588,Tulsa,2025
4499,1.0501089324618738,1.8850574712643675,2.7958579881656815,0.0,0.1875,0.699811202013845,-4.31686046511628,1.0719101123595505,3.3733852411490384,Mercer,2025
4570,0.810457516339869,1.333333333333334,2.52662721893491,0.0,0.6145833333333335,0.463184392699811,-3.1918604651162767,0.7752808988764044,3.3316062284013848,Florida Intl,2025
4423,1.189542483660131,1.862068965517242,3.6449704142011834,0.0,0.3541666666666666,0.7614852108244178,-5.494186046511626,0.9471910112359552,3.2652387055939704,UTSA,2025
4434,1.1721132897603486,1.839080459770116,3.0443786982248513,0.0,0.2708333333333333,0.6670862177470106,-4.997093023255813,1.2640449438202248,3.260443919400072,Oakland,2025
4477,1.0936819172113292,1.6321839080459772,3.06508875739645,0.0,0.1041666666666666,0.6368785399622402,-4.709302325581392,1.4022471910112357,3.224944654712507,Delaware St,2025
4552,0.8845315904139426,2.0229885057471275,3.582840236686391,0.0,0.2916666666666667,0.4178728760226556,-5.28488372093023,1.2741573033707865,3.18917345797734,Florida A&M,2025
4560,0.8322440087145964,1.6551724137931032,2.857988165680471,0.0,0.4583333333333333,0.6658275645059784,-4.107558139534884,0.7988764044943821,3.16088375098698,Southern Miss,2025
4403,1.215686274509804,1.5632183908045985,3.3757396449704116,0.0,0.34375,0.790434235368156,-5.363372093023255,1.1932584269662923,3.118714879596007,Valparaiso,2025
4416,1.1982570806100217,1.724137931034484,3.5207100591715985,0.0,0.28125,0.3599748269351792,-5.232558139534881,1.1932584269662923,3.0450301851826946,CS Bakersfield,2025
4409,1.2069716775599124,2.0919540229885065,3.417159763313609,0.0,0.2083333333333333,0.702328508495909,-5.834302325581396,1.2168539325842698,3.0092989126941436,Georgia St,2025
4557,0.8496732026143786,1.5632183908045985,3.0443786982248513,0.0,0.3854166666666666,0.3549402139710508,-4.2906976744186,1.0820224719101121,2.9889519697730584,S Utah,2025
4334,1.3551198257080612,2.5517241379310356,4.452662721893491,0.0,0.3125000000000001,0.9011957205789806,-7.247093023255809,0.589887640449438,2.915997023305197,Miami,2025
4496,1.0501089324618738,1.839080459770116,3.1479289940828408,0.0,0.2291666666666666,1.0748898678414096,-5.363372093023255,0.9134831460674158,2.891285973867067,Pepperdine,2025
4507,1.0326797385620914,1.448275862068966,2.588757396449702,0.0,0.1770833333333333,0.5198237885462554,-4.002906976744186,1.1157303370786515,2.879443479294814,UT Martin,2025
4480,1.0849673202614376,1.3103448275862064,2.174556213017751,0.0,0.2604166666666667,0.9528005034612962,-4.2906976744186,1.3651685393258428,2.857556395900601,Alabama St,2025
4426,1.1851851851851842,1.977011494252874,3.479289940828401,0.0,0.1666666666666666,0.752674638137193,-5.5988372093023235,0.8528089887640449,2.8147997045320405,NC Central,2025
4421,1.189542483660131,1.6321839080459772,3.5621301775147924,0.0,0.1354166666666666,0.9918187539332912,-5.808139534883719,0.9910112359550561,2.6939636908921956,Charlotte,2025
4514,1.0108932461873632,2.068965517241381,3.2721893491124256,0.0,0.375,0.4178728760226556,-5.441860465116276,0.9505617977528091,2.6536223212003573,W Illinois,2025
4550,0.8845315904139426,0.9655172413793096,1.98816568047337,0.0,0.4270833333333333,0.317180616740088,-3.0872093023255824,1.1325842696629214,2.6278534296773826,Saint Peter's,2025
4487,1.071895424836601,2.137931034482758,3.6035502958579864,0.0,0.1666666666666666,0.5550660792951542,-5.808139534883719,0.8662921348314605,2.593262101086907,Weber St,2025
4522,0.9978213507625266,1.586206896551724,3.355029585798816,0.0,0.1875,0.5789804908747638,-5.154069767441859,1.0348314606741573,2.586300017220128,VMI,2025
4505,1.0370370370370372,1.977011494252874,3.8520710059171592,0.0,0.2291666666666666,0.893643801132788,-6.488372093023255,1.0719101123595505,2.572468024342821,Portland,2025
4491,1.0631808278867094,2.344827586206897,4.2041420118343185,0.0,0.1041666666666666,0.6544996853366896,-6.514534883720928,0.7112359550561795,2.5675178492665323,Le Moyne,2025
4479,1.0893246187363825,1.4022988505747127,2.920118343195263,0.0,0.4791666666666667,0.7098804279421016,-5.28488372093023,1.2168539325842698,2.5327591187691665,Monmouth,2025
4537,0.9629629629629628,0.9425287356321856,1.6153846153846128,0.0,0.6145833333333335,0.7564505978602895,-3.479651162790698,1.1157303370786515,2.5279894194613375,UMass,2025
4509,1.0283224400871456,2.0919540229885065,3.7071005917159727,0.0,0.2083333333333333,0.5097545626179986,-5.808139534883719,0.7415730337078653,2.4788984495671027,Denver,2025
4517,1.0065359477124183,1.724137931034484,3.4378698224852045,0.0,0.1458333333333333,0.8672120830711137,-5.572674418604651,0.8662921348314605,2.4752068338633633,Richmond,2025
4484,1.0762527233115469,1.6551724137931032,2.816568047337277,0.0,0.2291666666666666,0.9590937696664568,-5.441860465116276,1.1460674157303372,2.440460571389111,Austin Peay,2025
4524,0.9934640522875816,2.2988505747126453,4.576923076923077,0.0,0.0833333333333333,0.7665198237885462,-6.619186046511626,0.3337078651685391,2.4336126797020965,Green Bay,2025
4571,0.8017429193899774,1.448275862068966,2.7337278106508887,0.0,0.3333333333333333,0.4367526746381372,-4.133720930232553,0.7112359550561795,2.3313476249049296,Grambling,2025
4525,0.9934640522875816,1.5632183908045985,2.857988165680471,0.0,0.2395833333333333,0.5449968533668972,-4.761627906976741,0.8662921348314605,2.303915023327601,S Indiana,2025
4424,1.1851851851851842,2.8965517241379324,4.887573964497038,0.0,0.0625,0.8458149779735682,-7.822674418604647,0.2157303370786515,2.2706817702677284,Bellarmine,2025
4492,1.0588235294117645,1.977011494252874,3.3757396449704116,0.0,0.03125,0.6179987413467588,-5.625,0.7988764044943821,2.2346998144761914,Coastal Car,2025
4590,0.5446623093681916,1.1264367816091951,2.692307692307692,0.0,0.4479166666666667,0.1371932032724982,-3.8197674418604635,1.0348314606741573,2.1635806720379374,Tarleton St,2025
4545,0.923747276688453,1.2873563218390824,2.630177514792899,0.0,0.34375,0.4820641913152924,-4.683139534883724,1.1157303370786515,2.0996861068306543,Jackson St,2025
4536,0.9673202614379086,1.8160919540229887,3.230769230769228,0.0,0.21875,0.449339207048458,-5.468023255813954,0.8325842696629211,2.046831667127551,Charleston So,2025
4568,0.810457516339869,2.137931034482758,3.3136094674556196,0.0,0.3125000000000001,0.6708621774701068,-5.625,0.3505617977528088,1.970921993501162,Air Force,2025
4553,0.8758169934640518,1.8850574712643675,3.624260355029585,0.0,0.3020833333333333,0.4392699811202012,-5.703488372093021,0.49213483146067405,1.9151345935791912,Long Beach St,2025
4575,0.784313725490196,1.0114942528735629,1.8224852071005917,0.0,0.3645833333333333,0.410320956576463,-3.7674418604651145,1.240449438202247,1.8662050531112797,Lindenwood,2025
4523,0.9934640522875816,1.3563218390804597,2.4023668639053253,0.0,0.3125000000000001,0.7476400251730646,-5.101744186046511,1.1460674157303372,1.8566160101302573,Rider,2025
4542,0.9455337690631804,1.9310344827586208,3.230769230769228,0.0,0.34375,0.6544996853366896,-5.677325581395349,0.3876404494382022,1.8159020359705718,Utah Tech,2025
4529,0.9803921568627452,1.0114942528735629,1.8846153846153837,0.0,0.3645833333333333,0.7589679043423536,-4.5261627906976765,1.240449438202247,1.7143396795319492,La Salle,2025
4435,1.1721132897603486,1.839080459770116,3.3136094674556196,0.0,0.4583333333333333,0.6544996853366896,-6.619186046511626,0.893258426966292,1.7117086161107737,Morgan St,2025
4519,1.0021786492374725,1.724137931034484,2.7337278106508887,0.0,0.0416666666666666,0.9326620516047825,-5.677325581395349,0.8123595505617979,1.5694070783607428,Penn,2025
4559,0.8496732026143786,1.1264367816091951,2.050295857988163,0.0,0.1979166666666666,0.5235997482693516,-4.473837209302327,1.240449438202247,1.5145344860476753,Morehead St,2025
4585,0.6971677559912854,1.862068965517242,2.713017751479287,0.0,0.4375,0.539962240402769,-5.101744186046511,0.3337078651685391,1.4816803925126116,E Texas A&M,2025
4538,0.958605664488017,1.6551724137931032,2.9615384615384603,0.0,0.2395833333333333,0.5991189427312774,-5.755813953488371,0.6808988764044942,1.339103738800314,Pacific,2025
4584,0.7189542483660132,0.6666666666666676,1.2840236686390518,0.0,0.03125,0.592825676526117,-3.375,1.2741573033707865,1.192877563568636,Wagner,2025
4539,0.9498910675381262,2.52873563218391,4.162721893491121,0.0,0.1770833333333333,0.6104468219005662,-7.482558139534885,0.2292134831460672,1.175534092058239,Canisius,2025
4333,1.3594771241830061,1.8850574712643675,3.230769230769228,0.0,0.1875,0.7551919446192572,-7.1424418604651105,0.8662921348314605,1.1418460452022092,North Dakota,2025
4364,1.2897603485838776,1.9540229885057483,3.6863905325443773,0.0,0.125,0.9137822529893014,-7.456395348837205,0.6168539325842697,1.1294147063703708,IU Indy,2025
4518,1.0065359477124183,1.195402298850574,1.98816568047337,0.0,0.2604166666666667,0.9653870358716172,-5.415697674418604,1.1157303370786515,1.115940292234694,Fairfield,2025
4572,0.7973856209150324,1.6091954022988515,2.754437869822484,0.0,0.3333333333333333,0.5651353052234108,-5.703488372093021,0.6471910112359551,1.0031901707360467,Buffalo,2025
4442,1.1633986928104578,2.137931034482758,4.059171597633135,0.0,0.1770833333333333,0.4833228445563244,-7.5087209302325535,0.4314606741573033,0.9436472467407588,Oral Roberts,2025
4576,0.77995642701525,1.0114942528735629,1.9053254437869827,0.0,0.4375,0.4052863436123346,-4.421511627906978,0.8123595505617979,0.9304103899429501,Alabama A&M,2025
4533,0.9716775599128534,2.0459770114942533,3.7278106508875744,0.0,0.2291666666666666,0.4745122718690998,-7.090116279069762,0.5662921348314607,0.9253200165921465,Stetson,2025
4562,0.8278867102396514,1.0804597701149417,2.0088757396449686,0.0,0.28125,0.6419131529263687,-4.9447674418604635,0.9910112359550561,0.8866291670205229,Louisiana,2025
4478,1.0893246187363825,1.2873563218390824,2.112426035502958,0.0,0.1666666666666666,0.7551919446192572,-5.520348837209302,0.9910112359550561,0.8816279861101006,W Michigan,2025
4565,0.8235294117647056,1.6321839080459772,2.630177514792899,0.0,0.2916666666666667,0.5248584015103838,-5.415697674418604,0.3876404494382022,0.8743586778002301,Sacramento St,2025
4578,0.7450980392156862,0.8275862068965532,1.470414201183429,0.0,0.4270833333333333,0.529893014474512,-4.081395348837209,0.7112359550561795,0.6299154013224841,Seton Hall,2025
4586,0.6710239651416122,0.6666666666666676,1.221893491124259,0.0,0.1979166666666666,0.4719949653870358,-3.6104651162790677,0.8662921348314605,0.48532277353863407,E Illinois,2025
4541,0.9498910675381262,2.068965517241381,3.2721893491124256,0.0,0.1354166666666666,0.623033354310887,-6.828488372093021,0.2426966292134829,0.46370421198994816,SC Upstate,2025
4546,0.9063180827886708,1.6781609195402307,2.9615384615384603,0.0,0.3020833333333333,0.6620516047828822,-6.436046511627906,0.3674157303370785,0.4415216206927486,Prairie View,2025
4544,0.923747276688453,1.2183908045977017,2.0088757396449686,0.0,0.2708333333333333,0.7224669603524226,-5.28488372093023,0.5662921348314607,0.42572252851810966,NC A&T,2025
4563,0.8278867102396514,1.2183908045977017,2.2573964497041383,0.0,0.2708333333333333,0.4946507237256136,-5.180232558139532,0.4719101123595504,0.3608355758204569,Fresno St,2025
4556,0.8496732026143786,1.057471264367818,1.9674556213017746,0.0,0.21875,0.3801132787916926,-5.101744186046511,0.906741573033708,0.27846075406286097,Alcorn St,2025
4554,0.867102396514161,1.448275862068966,2.3816568047337268,0.0,0.1666666666666666,0.7413467589679043,-6.043604651162791,0.5662921348314607,0.12773597262009329,C Arkansas,2025
4577,0.7581699346405228,1.5172413793103452,2.1538461538461524,0.0,0.1770833333333333,0.4883574575204528,-5.703488372093021,0.589887640449438,-0.018902472992776254,New Hampshire,2025
4548,0.8932461873638342,1.4022988505747127,2.236686390532543,0.0,0.2916666666666667,0.8797986154814346,-6.226744186046511,0.4314606741573033,-0.09158680127001606,W Georgia,2025
4527,0.9891067538126358,0.7126436781609208,1.3875739644970413,0.0,0.2916666666666667,0.5852737570799244,-5.180232558139532,1.0314606741573034,-0.18250706376503967,Old Dominion,2025
4582,0.723311546840959,1.2873563218390824,2.340236686390533,0.0,0.3645833333333333,0.7073631214600375,-5.755813953488371,0.13820224719101099,-0.19476069643341454,N Illinois,2025
4534,0.9716775599128534,1.4022988505747127,2.713017751479287,0.0,0.125,0.5764631843926998,-6.566860465116276,0.5662921348314607,-0.21211098392526306,Stony Brook,2025
4573,0.7886710239651408,0.919540229885058,1.7189349112426022,0.0,0.1875,0.4745122718690998,-5.023255813953485,0.6808988764044942,-0.25319850058709026,Detroit Mercy,2025
4581,0.7320261437908496,0.8735632183908048,1.5739644970414182,0.0,0.3854166666666666,0.4480805538074258,-4.918604651162788,0.3505617977528088,-0.5549917737128145,NJIT,2025
4566,0.814814814814814,0.919540229885058,1.8639053254437852,0.0,0.40625,0.4795468848332284,-5.337209302325579,0.2157303370786515,-0.6374217102700421,San Diego,2025
4587,0.6579520697167752,0.9655172413793096,1.7603550295857988,0.0,0.25,0.410320956576463,-5.677325581395349,0.5426966292134832,-1.0904836549235193,W Carolina,2025
4569,0.810457516339869,0.8505747126436772,1.5739644970414182,0.0,0.1458333333333333,0.7098804279421016,-5.755813953488371,0.44831460674157303,-1.2167888594463987,UL Monroe,2025
4579,0.7407407407407404,1.9310344827586208,2.650887573964495,0.0,0.1041666666666666,0.5185651353052232,-7.587209302325583,0.25617977528089886,-1.3856349276089386,AR-Pine Bluff,2025
4574,0.784313725490196,1.1494252873563224,1.9053254437869827,0.0,0.1875,0.5890497168030208,-6.566860465116276,0.3337078651685391,-1.6175384265112154,New Orleans,2025
4580,0.7363834422657956,1.3563218390804597,1.98816568047337,0.0,0.1041666666666666,0.5525487728130898,-6.566860465116276,0.0101123595505617,-1.8191617042663317,The Citadel,2025
4588,0.605664488017429,0.7356321839080447,2.0088757396449686,0.0,0.09375,0.1913152926368784,-5.938953488372094,0.3674157303370785,-1.9363000538276944,CS Fullerton,2025
4591,0.5141612200435728,0.6666666666666676,1.0769230769230758,0.0,0.3854166666666666,0.4606670862177466,-5.912790697674417,0.31685393258426975,-2.492102048572419,Chicago St,2025
4592,0.4008714596949886,0.3218390804597708,0.8491124260355015,0.0,0.0416666666666666,0.2882315921963496,-5.625,0.40786516853932586,-3.315413606407397,Coppin St,2025
4589,0.5925925925925926,0.8045977011494256,1.428994082840235,0.0,0.1041666666666666,0.2983008181246064,-7.377906976744187,0.0168539325842694,-4.132401182786392,Maryland ES,2025
4593,0.0,0.0,0.0,0.0,0.0416666666666666,0.0,-9.0,0.0,-8.958333333333334,Miss Valley St,2025
